index,long,lat,file_path
0,-90.18726380000001,38.6254259,./data/vDBs7Zo6ENu8gkQ3fKJnbz/2025-04-25_21H27mn37s326.jpg
1,-90.18722480000001,38.62542,./data/vDBs7Zo6ENu8gkQ3fKJnbz/2025-04-25_21H27mn38s885.jpg
2,-90.1871872,38.6254126,./data/vDBs7Zo6ENu8gkQ3fKJnbz/2025-04-25_21H27mn40s507.jpg
3,-90.1871466,38.6254109,./data/vDBs7Zo6ENu8gkQ3fKJnbz/2025-04-25_21H27mn42s561.jpg
4,-90.1871047,38.6254146,./data/vDBs7Zo6ENu8gkQ3fKJnbz/2025-04-25_21H27mn44s527.jpg
5,-90.18706780000001,38.6254151,./data/vDBs7Zo6ENu8gkQ3fKJnbz/2025-04-25_21H27mn45s974.jpg
6,-90.1870257,38.6254109,./data/vDBs7Zo6ENu8gkQ3fKJnbz/2025-04-25_21H27mn48s079.jpg
7,-90.1869879,38.6254187,./data/vDBs7Zo6ENu8gkQ3fKJnbz/2025-04-25_21H27mn50s039.jpg
8,-90.1869496,38.6254292,./data/vDBs7Zo6ENu8gkQ3fKJnbz/2025-04-25_21H27mn52s604.jpg
9,-90.18691410000001,38.625430200000004,./data/vDBs7Zo6ENu8gkQ3fKJnbz/2025-04-25_21H27mn54s303.jpg
10,-90.18687680000001,38.6254325,./data/vDBs7Zo6ENu8gkQ3fKJnbz/2025-04-25_21H27mn56s302.jpg
11,-90.1868419,38.625436,./data/vDBs7Zo6ENu8gkQ3fKJnbz/2025-04-25_21H27mn58s411.jpg
12,-90.1868048,38.6254396,./data/vDBs7Zo6ENu8gkQ3fKJnbz/2025-04-25_21H28mn00s252.jpg
13,-90.1867648,38.6254418,./data/vDBs7Zo6ENu8gkQ3fKJnbz/2025-04-25_21H28mn02s377.jpg
14,-90.1867246,38.6254429,./data/vDBs7Zo6ENu8gkQ3fKJnbz/2025-04-25_21H28mn04s320.jpg
15,-90.186682,38.6254415,./data/vDBs7Zo6ENu8gkQ3fKJnbz/2025-04-25_21H28mn06s422.jpg
16,-90.1866607,38.6254402,./data/vDBs7Zo6ENu8gkQ3fKJnbz/2025-04-25_21H28mn07s704.jpg
17,-90.18661970000001,38.6254487,./data/vDBs7Zo6ENu8gkQ3fKJnbz/2025-04-25_21H28mn09s613.jpg
18,-90.1865851,38.6254547,./data/vDBs7Zo6ENu8gkQ3fKJnbz/2025-04-25_21H28mn11s497.jpg
19,-90.1865507,38.6254502,./data/vDBs7Zo6ENu8gkQ3fKJnbz/2025-04-25_21H28mn13s100.jpg
20,-90.18651410000001,38.6254366,./data/vDBs7Zo6ENu8gkQ3fKJnbz/2025-04-25_21H28mn15s194.jpg
21,-90.1864808,38.6254213,./data/vDBs7Zo6ENu8gkQ3fKJnbz/2025-04-25_21H28mn17s328.jpg
22,-90.18644900000001,38.625408300000004,./data/vDBs7Zo6ENu8gkQ3fKJnbz/2025-04-25_21H28mn19s368.jpg
23,-90.1864156,38.6253924,./data/vDBs7Zo6ENu8gkQ3fKJnbz/2025-04-25_21H28mn21s535.jpg
24,-90.1863792,38.6253703,./data/vDBs7Zo6ENu8gkQ3fKJnbz/2025-04-25_21H28mn24s057.jpg
25,-90.1863508,38.6253522,./data/vDBs7Zo6ENu8gkQ3fKJnbz/2025-04-25_21H28mn26s239.jpg
26,-90.18631930000001,38.6253358,./data/vDBs7Zo6ENu8gkQ3fKJnbz/2025-04-25_21H28mn28s372.jpg
27,-90.1862873,38.6253188,./data/vDBs7Zo6ENu8gkQ3fKJnbz/2025-04-25_21H28mn30s991.jpg
28,-90.1862529,38.6253055,./data/vDBs7Zo6ENu8gkQ3fKJnbz/2025-04-25_21H28mn33s420.jpg
29,-90.1862126,38.6252971,./data/vDBs7Zo6ENu8gkQ3fKJnbz/2025-04-25_21H28mn35s960.jpg
30,-90.1861749,38.6252893,./data/vDBs7Zo6ENu8gkQ3fKJnbz/2025-04-25_21H28mn37s898.jpg
31,-90.1861378,38.6252824,./data/vDBs7Zo6ENu8gkQ3fKJnbz/2025-04-25_21H28mn40s020.jpg
32,-90.1861023,38.6252752,./data/vDBs7Zo6ENu8gkQ3fKJnbz/2025-04-25_21H28mn42s065.jpg
33,-90.1860656,38.6252663,./data/vDBs7Zo6ENu8gkQ3fKJnbz/2025-04-25_21H28mn44s116.jpg
34,-90.1860278,38.6252578,./data/vDBs7Zo6ENu8gkQ3fKJnbz/2025-04-25_21H28mn46s304.jpg
35,-90.18599040000001,38.625248,./data/vDBs7Zo6ENu8gkQ3fKJnbz/2025-04-25_21H28mn48s462.jpg
36,-90.1859531,38.6252404,./data/vDBs7Zo6ENu8gkQ3fKJnbz/2025-04-25_21H28mn50s545.jpg
37,-90.1859153,38.625238,./data/vDBs7Zo6ENu8gkQ3fKJnbz/2025-04-25_21H28mn52s744.jpg
38,-90.1858797,38.6252386,./data/vDBs7Zo6ENu8gkQ3fKJnbz/2025-04-25_21H28mn54s794.jpg
39,-90.18584150000001,38.6252367,./data/vDBs7Zo6ENu8gkQ3fKJnbz/2025-04-25_21H28mn56s977.jpg
40,-90.18579820000001,38.625239,./data/vDBs7Zo6ENu8gkQ3fKJnbz/2025-04-25_21H28mn59s545.jpg
41,-90.18576130000001,38.6252404,./data/vDBs7Zo6ENu8gkQ3fKJnbz/2025-04-25_21H29mn01s657.jpg
42,-90.18572660000001,38.6252444,./data/vDBs7Zo6ENu8gkQ3fKJnbz/2025-04-25_21H29mn03s667.jpg
43,-90.1856909,38.6252494,./data/vDBs7Zo6ENu8gkQ3fKJnbz/2025-04-25_21H29mn05s768.jpg
44,-90.1856566,38.6252546,./data/vDBs7Zo6ENu8gkQ3fKJnbz/2025-04-25_21H29mn07s813.jpg
45,-90.1856186,38.6252585,./data/vDBs7Zo6ENu8gkQ3fKJnbz/2025-04-25_21H29mn09s853.jpg
46,-90.1855821,38.6252654,./data/vDBs7Zo6ENu8gkQ3fKJnbz/2025-04-25_21H29mn11s961.jpg
47,-90.1855453,38.6252743,./data/vDBs7Zo6ENu8gkQ3fKJnbz/2025-04-25_21H29mn14s028.jpg
48,-90.1855093,38.6252808,./data/vDBs7Zo6ENu8gkQ3fKJnbz/2025-04-25_21H29mn16s082.jpg
49,-90.18547620000001,38.6252895,./data/vDBs7Zo6ENu8gkQ3fKJnbz/2025-04-25_21H29mn18s736.jpg
50,-90.1854442,38.6253026,./data/vDBs7Zo6ENu8gkQ3fKJnbz/2025-04-25_21H29mn20s313.jpg
51,-90.1854126,38.6253183,./data/vDBs7Zo6ENu8gkQ3fKJnbz/2025-04-25_21H29mn22s545.jpg
52,-90.18538290000001,38.6253342,./data/vDBs7Zo6ENu8gkQ3fKJnbz/2025-04-25_21H29mn24s467.jpg
53,-90.1853522,38.6253487,./data/vDBs7Zo6ENu8gkQ3fKJnbz/2025-04-25_21H29mn26s472.jpg
54,-90.1853213,38.625363300000004,./data/vDBs7Zo6ENu8gkQ3fKJnbz/2025-04-25_21H29mn28s400.jpg
55,-90.18529070000001,38.6253782,./data/vDBs7Zo6ENu8gkQ3fKJnbz/2025-04-25_21H29mn30s667.jpg
56,-90.1852604,38.6253935,./data/vDBs7Zo6ENu8gkQ3fKJnbz/2025-04-25_21H29mn32s631.jpg
57,-90.185227,38.6254061,./data/vDBs7Zo6ENu8gkQ3fKJnbz/2025-04-25_21H29mn35s714.jpg
58,-90.1851936,38.6254161,./data/vDBs7Zo6ENu8gkQ3fKJnbz/2025-04-25_21H29mn40s679.jpg
59,-90.1851628,38.6254304,./data/vDBs7Zo6ENu8gkQ3fKJnbz/2025-04-25_21H29mn42s655.jpg
60,-90.185128,38.625439300000004,./data/vDBs7Zo6ENu8gkQ3fKJnbz/2025-04-25_21H29mn44s618.jpg
61,-90.1850933,38.6254451,./data/vDBs7Zo6ENu8gkQ3fKJnbz/2025-04-25_21H29mn46s331.jpg
62,-90.1850419,38.6254517,./data/vDBs7Zo6ENu8gkQ3fKJnbz/2025-04-25_21H29mn49s585.jpg
63,-90.1850077,38.625457,./data/vDBs7Zo6ENu8gkQ3fKJnbz/2025-04-25_21H29mn51s644.jpg
64,-90.1849677,38.6254567,./data/vDBs7Zo6ENu8gkQ3fKJnbz/2025-04-25_21H29mn53s923.jpg
65,-90.1849309,38.625463,./data/vDBs7Zo6ENu8gkQ3fKJnbz/2025-04-25_21H29mn56s121.jpg
66,-90.18489910000001,38.625476,./data/vDBs7Zo6ENu8gkQ3fKJnbz/2025-04-25_21H29mn58s397.jpg
67,-90.1848755,38.6254965,./data/vDBs7Zo6ENu8gkQ3fKJnbz/2025-04-25_21H30mn00s553.jpg
68,-90.1848621,38.625506800000004,./data/vDBs7Zo6ENu8gkQ3fKJnbz/2025-04-25_21H30mn01s894.jpg
69,-90.1848478,38.6255155,./data/vDBs7Zo6ENu8gkQ3fKJnbz/2025-04-25_21H30mn02s977.jpg
70,-90.18483900000001,38.625518,./data/vDBs7Zo6ENu8gkQ3fKJnbz/2025-04-25_21H30mn03s602.jpg
71,-90.1848056,38.6254999,./data/vDBs7Zo6ENu8gkQ3fKJnbz/2025-04-25_21H30mn06s064.jpg
72,-90.1847781,38.6254737,./data/vDBs7Zo6ENu8gkQ3fKJnbz/2025-04-25_21H30mn09s681.jpg
73,-90.1847549,38.6254475,./data/vDBs7Zo6ENu8gkQ3fKJnbz/2025-04-25_21H30mn12s491.jpg
74,-90.18473300000001,38.6254189,./data/vDBs7Zo6ENu8gkQ3fKJnbz/2025-04-25_21H30mn15s600.jpg
75,-90.18471720000001,38.625389,./data/vDBs7Zo6ENu8gkQ3fKJnbz/2025-04-25_21H30mn18s034.jpg
76,-90.1847073,38.6253571,./data/vDBs7Zo6ENu8gkQ3fKJnbz/2025-04-25_21H30mn20s843.jpg
77,-90.1847049,38.6253426,./data/vDBs7Zo6ENu8gkQ3fKJnbz/2025-04-25_21H30mn21s475.jpg
78,-90.184697,38.6253151,./data/vDBs7Zo6ENu8gkQ3fKJnbz/2025-04-25_21H30mn24s407.jpg
79,-90.184698,38.6252877,./data/vDBs7Zo6ENu8gkQ3fKJnbz/2025-04-25_21H30mn26s646.jpg
80,-90.1847091,38.6252577,./data/vDBs7Zo6ENu8gkQ3fKJnbz/2025-04-25_21H30mn28s568.jpg
81,-90.1847212,38.6252306,./data/vDBs7Zo6ENu8gkQ3fKJnbz/2025-04-25_21H30mn30s754.jpg
82,-90.18473680000001,38.6252001,./data/vDBs7Zo6ENu8gkQ3fKJnbz/2025-04-25_21H30mn32s875.jpg
83,-90.18475020000001,38.6251726,./data/vDBs7Zo6ENu8gkQ3fKJnbz/2025-04-25_21H30mn34s984.jpg
84,-90.1847668,38.6251382,./data/vDBs7Zo6ENu8gkQ3fKJnbz/2025-04-25_21H30mn37s296.jpg
85,-90.1847765,38.6251216,./data/vDBs7Zo6ENu8gkQ3fKJnbz/2025-04-25_21H30mn38s694.jpg
86,-90.18477920000001,38.6251153,./data/vDBs7Zo6ENu8gkQ3fKJnbz/2025-04-25_21H30mn39s071.jpg
87,-90.18477920000001,38.6251153,./data/vDBs7Zo6ENu8gkQ3fKJnbz/2025-04-25_21H30mn39s460.jpg
88,-90.1847801,38.625108,./data/vDBs7Zo6ENu8gkQ3fKJnbz/2025-04-25_21H30mn39s943.jpg
89,-90.1847513,38.6251302,./data/vDBs7Zo6ENu8gkQ3fKJnbz/2025-04-25_21H30mn43s712.jpg
90,-90.1847379,38.6251562,./data/vDBs7Zo6ENu8gkQ3fKJnbz/2025-04-25_21H30mn45s674.jpg
91,-90.1847241,38.6251836,./data/vDBs7Zo6ENu8gkQ3fKJnbz/2025-04-25_21H30mn47s790.jpg
92,-90.1847046,38.6252172,./data/vDBs7Zo6ENu8gkQ3fKJnbz/2025-04-25_21H30mn49s986.jpg
93,-90.18469470000001,38.6252403,./data/vDBs7Zo6ENu8gkQ3fKJnbz/2025-04-25_21H30mn51s962.jpg
94,-90.18467270000001,38.625270900000004,./data/vDBs7Zo6ENu8gkQ3fKJnbz/2025-04-25_21H30mn54s554.jpg
95,-90.18465450000001,38.625295200000004,./data/vDBs7Zo6ENu8gkQ3fKJnbz/2025-04-25_21H30mn56s744.jpg
96,-90.18463460000001,38.6253182,./data/vDBs7Zo6ENu8gkQ3fKJnbz/2025-04-25_21H30mn59s004.jpg
97,-90.18461090000001,38.6253392,./data/vDBs7Zo6ENu8gkQ3fKJnbz/2025-04-25_21H31mn01s754.jpg
98,-90.18458460000001,38.6253655,./data/vDBs7Zo6ENu8gkQ3fKJnbz/2025-04-25_21H31mn04s159.jpg
99,-90.1845619,38.625395,./data/vDBs7Zo6ENu8gkQ3fKJnbz/2025-04-25_21H31mn07s027.jpg
100,-90.1845449,38.6254222,./data/vDBs7Zo6ENu8gkQ3fKJnbz/2025-04-25_21H31mn08s894.jpg
101,-90.18453550000001,38.6254343,./data/vDBs7Zo6ENu8gkQ3fKJnbz/2025-04-25_21H31mn10s489.jpg
102,-90.184522,38.6254458,./data/vDBs7Zo6ENu8gkQ3fKJnbz/2025-04-25_21H31mn11s388.jpg
103,-90.1844861,38.6254553,./data/vDBs7Zo6ENu8gkQ3fKJnbz/2025-04-25_21H31mn12s841.jpg
104,-90.1844643,38.625455,./data/vDBs7Zo6ENu8gkQ3fKJnbz/2025-04-25_21H31mn13s825.jpg
105,-90.18444290000001,38.6254485,./data/vDBs7Zo6ENu8gkQ3fKJnbz/2025-04-25_21H31mn15s267.jpg
106,-90.184415,38.625425,./data/vDBs7Zo6ENu8gkQ3fKJnbz/2025-04-25_21H31mn17s389.jpg
107,-90.1844063,38.6253948,./data/vDBs7Zo6ENu8gkQ3fKJnbz/2025-04-25_21H31mn19s737.jpg
108,-90.18440050000001,38.6253672,./data/vDBs7Zo6ENu8gkQ3fKJnbz/2025-04-25_21H31mn21s865.jpg
109,-90.1843953,38.625340200000004,./data/vDBs7Zo6ENu8gkQ3fKJnbz/2025-04-25_21H31mn24s681.jpg
110,-90.18439430000001,38.6253333,./data/vDBs7Zo6ENu8gkQ3fKJnbz/2025-04-25_21H31mn25s455.jpg
111,-90.1843818,38.625308000000004,./data/vDBs7Zo6ENu8gkQ3fKJnbz/2025-04-25_21H31mn27s459.jpg
112,-90.18436510000001,38.6252823,./data/vDBs7Zo6ENu8gkQ3fKJnbz/2025-04-25_21H31mn29s825.jpg
113,-90.18434930000001,38.6252567,./data/vDBs7Zo6ENu8gkQ3fKJnbz/2025-04-25_21H31mn32s264.jpg
114,-90.1843328,38.6252298,./data/vDBs7Zo6ENu8gkQ3fKJnbz/2025-04-25_21H31mn34s146.jpg
115,-90.184321,38.6251995,./data/vDBs7Zo6ENu8gkQ3fKJnbz/2025-04-25_21H31mn36s538.jpg
116,-90.1843149,38.6251689,./data/vDBs7Zo6ENu8gkQ3fKJnbz/2025-04-25_21H31mn38s561.jpg
117,-90.18430380000001,38.6251406,./data/vDBs7Zo6ENu8gkQ3fKJnbz/2025-04-25_21H31mn41s154.jpg
118,-90.1843013,38.6251129,./data/vDBs7Zo6ENu8gkQ3fKJnbz/2025-04-25_21H31mn42s500.jpg
119,-90.18428990000001,38.6250868,./data/vDBs7Zo6ENu8gkQ3fKJnbz/2025-04-25_21H31mn44s609.jpg
120,-90.1842778,38.625067,./data/vDBs7Zo6ENu8gkQ3fKJnbz/2025-04-25_21H31mn46s279.jpg
121,-90.1842542,38.625043500000004,./data/vDBs7Zo6ENu8gkQ3fKJnbz/2025-04-25_21H31mn48s562.jpg
122,-90.18423440000001,38.625014,./data/vDBs7Zo6ENu8gkQ3fKJnbz/2025-04-25_21H31mn51s499.jpg
123,-90.1842185,38.6249888,./data/vDBs7Zo6ENu8gkQ3fKJnbz/2025-04-25_21H31mn53s676.jpg
124,-90.1842152,38.6249744,./data/vDBs7Zo6ENu8gkQ3fKJnbz/2025-04-25_21H31mn54s803.jpg
125,-90.18423030000001,38.6249499,./data/vDBs7Zo6ENu8gkQ3fKJnbz/2025-04-25_21H31mn56s989.jpg
126,-90.1842488,38.6249265,./data/vDBs7Zo6ENu8gkQ3fKJnbz/2025-04-25_21H31mn59s695.jpg
127,-90.1842565,38.6248963,./data/vDBs7Zo6ENu8gkQ3fKJnbz/2025-04-25_21H32mn02s146.jpg
128,-90.18426380000001,38.6248682,./data/vDBs7Zo6ENu8gkQ3fKJnbz/2025-04-25_21H32mn04s425.jpg
129,-90.1842762,38.6248399,./data/vDBs7Zo6ENu8gkQ3fKJnbz/2025-04-25_21H32mn06s651.jpg
130,-90.184287,38.6248139,./data/vDBs7Zo6ENu8gkQ3fKJnbz/2025-04-25_21H32mn08s518.jpg
131,-90.18430190000001,38.6247828,./data/vDBs7Zo6ENu8gkQ3fKJnbz/2025-04-25_21H32mn11s119.jpg
132,-90.18431220000001,38.6247568,./data/vDBs7Zo6ENu8gkQ3fKJnbz/2025-04-25_21H32mn13s491.jpg
133,-90.1843204,38.6247299,./data/vDBs7Zo6ENu8gkQ3fKJnbz/2025-04-25_21H32mn15s539.jpg
134,-90.1843319,38.6246986,./data/vDBs7Zo6ENu8gkQ3fKJnbz/2025-04-25_21H32mn17s619.jpg
135,-90.1843497,38.6246707,./data/vDBs7Zo6ENu8gkQ3fKJnbz/2025-04-25_21H32mn20s111.jpg
136,-90.1843667,38.6246445,./data/vDBs7Zo6ENu8gkQ3fKJnbz/2025-04-25_21H32mn22s615.jpg
137,-90.18437990000001,38.624615,./data/vDBs7Zo6ENu8gkQ3fKJnbz/2025-04-25_21H32mn24s654.jpg
138,-90.1843936,38.624589300000004,./data/vDBs7Zo6ENu8gkQ3fKJnbz/2025-04-25_21H32mn26s846.jpg
139,-90.1844045,38.6245636,./data/vDBs7Zo6ENu8gkQ3fKJnbz/2025-04-25_21H32mn29s406.jpg
140,-90.18441920000001,38.6245332,./data/vDBs7Zo6ENu8gkQ3fKJnbz/2025-04-25_21H32mn32s322.jpg
141,-90.18443040000001,38.624503,./data/vDBs7Zo6ENu8gkQ3fKJnbz/2025-04-25_21H32mn35s267.jpg
142,-90.18444120000001,38.6244711,./data/vDBs7Zo6ENu8gkQ3fKJnbz/2025-04-25_21H32mn38s369.jpg
143,-90.184453,38.6244435,./data/vDBs7Zo6ENu8gkQ3fKJnbz/2025-04-25_21H32mn41s077.jpg
144,-90.18446780000001,38.6244165,./data/vDBs7Zo6ENu8gkQ3fKJnbz/2025-04-25_21H32mn43s396.jpg
145,-90.1844775,38.6243878,./data/vDBs7Zo6ENu8gkQ3fKJnbz/2025-04-25_21H32mn45s738.jpg
146,-90.1844887,38.6243604,./data/vDBs7Zo6ENu8gkQ3fKJnbz/2025-04-25_21H32mn47s786.jpg
147,-90.184498,38.6243326,./data/vDBs7Zo6ENu8gkQ3fKJnbz/2025-04-25_21H32mn50s025.jpg
148,-90.18451110000001,38.6243047,./data/vDBs7Zo6ENu8gkQ3fKJnbz/2025-04-25_21H32mn52s662.jpg
149,-90.1845177,38.6242724,./data/vDBs7Zo6ENu8gkQ3fKJnbz/2025-04-25_21H32mn55s094.jpg
150,-90.18452500000001,38.6242419,./data/vDBs7Zo6ENu8gkQ3fKJnbz/2025-04-25_21H32mn57s517.jpg
151,-90.1845347,38.6242106,./data/vDBs7Zo6ENu8gkQ3fKJnbz/2025-04-25_21H32mn59s576.jpg
152,-90.184545,38.6241832,./data/vDBs7Zo6ENu8gkQ3fKJnbz/2025-04-25_21H33mn02s031.jpg
153,-90.18456210000001,38.6241529,./data/vDBs7Zo6ENu8gkQ3fKJnbz/2025-04-25_21H33mn04s068.jpg
154,-90.1845855,38.6241279,./data/vDBs7Zo6ENu8gkQ3fKJnbz/2025-04-25_21H33mn06s781.jpg
155,-90.1846079,38.6241045,./data/vDBs7Zo6ENu8gkQ3fKJnbz/2025-04-25_21H33mn09s204.jpg
156,-90.1846246,38.6240795,./data/vDBs7Zo6ENu8gkQ3fKJnbz/2025-04-25_21H33mn11s526.jpg
157,-90.1846459,38.6240522,./data/vDBs7Zo6ENu8gkQ3fKJnbz/2025-04-25_21H33mn14s163.jpg
158,-90.18466260000001,38.6240272,./data/vDBs7Zo6ENu8gkQ3fKJnbz/2025-04-25_21H33mn16s487.jpg
159,-90.1846769,38.6239988,./data/vDBs7Zo6ENu8gkQ3fKJnbz/2025-04-25_21H33mn18s602.jpg
160,-90.18469160000001,38.6239721,./data/vDBs7Zo6ENu8gkQ3fKJnbz/2025-04-25_21H33mn20s991.jpg
161,-90.18471190000001,38.6239436,./data/vDBs7Zo6ENu8gkQ3fKJnbz/2025-04-25_21H33mn23s347.jpg
162,-90.1847326,38.6239143,./data/vDBs7Zo6ENu8gkQ3fKJnbz/2025-04-25_21H33mn26s434.jpg
163,-90.1847534,38.6238896,./data/vDBs7Zo6ENu8gkQ3fKJnbz/2025-04-25_21H33mn28s730.jpg
164,-90.18477940000001,38.6238678,./data/vDBs7Zo6ENu8gkQ3fKJnbz/2025-04-25_21H33mn31s536.jpg
165,-90.1848116,38.6238456,./data/vDBs7Zo6ENu8gkQ3fKJnbz/2025-04-25_21H33mn34s538.jpg
166,-90.1848406,38.623823200000004,./data/vDBs7Zo6ENu8gkQ3fKJnbz/2025-04-25_21H33mn37s346.jpg
167,-90.1848709,38.6238049,./data/vDBs7Zo6ENu8gkQ3fKJnbz/2025-04-25_21H33mn39s510.jpg
168,-90.1848949,38.6237839,./data/vDBs7Zo6ENu8gkQ3fKJnbz/2025-04-25_21H33mn41s806.jpg
169,-90.1849187,38.6237606,./data/vDBs7Zo6ENu8gkQ3fKJnbz/2025-04-25_21H33mn44s142.jpg
170,-90.1849423,38.623740500000004,./data/vDBs7Zo6ENu8gkQ3fKJnbz/2025-04-25_21H33mn46s261.jpg
171,-90.1849741,38.6237148,./data/vDBs7Zo6ENu8gkQ3fKJnbz/2025-04-25_21H33mn49s816.jpg
172,-90.18500250000001,38.6236908,./data/vDBs7Zo6ENu8gkQ3fKJnbz/2025-04-25_21H33mn52s040.jpg
173,-90.18503290000001,38.6236715,./data/vDBs7Zo6ENu8gkQ3fKJnbz/2025-04-25_21H33mn54s744.jpg
174,-90.1850668,38.6236594,./data/vDBs7Zo6ENu8gkQ3fKJnbz/2025-04-25_21H33mn57s075.jpg
175,-90.1850969,38.6236558,./data/vDBs7Zo6ENu8gkQ3fKJnbz/2025-04-25_21H33mn58s827.jpg
176,-90.1851237,38.6236575,./data/vDBs7Zo6ENu8gkQ3fKJnbz/2025-04-25_21H34mn00s346.jpg
177,-90.1851412,38.6236629,./data/vDBs7Zo6ENu8gkQ3fKJnbz/2025-04-25_21H34mn01s636.jpg
178,-90.1851535,38.623673000000004,./data/vDBs7Zo6ENu8gkQ3fKJnbz/2025-04-25_21H34mn03s074.jpg
179,-90.1851619,38.6237042,./data/vDBs7Zo6ENu8gkQ3fKJnbz/2025-04-25_21H34mn05s553.jpg
180,-90.1851642,38.6237346,./data/vDBs7Zo6ENu8gkQ3fKJnbz/2025-04-25_21H34mn07s928.jpg
181,-90.1851697,38.6237639,./data/vDBs7Zo6ENu8gkQ3fKJnbz/2025-04-25_21H34mn09s896.jpg
182,-90.1851753,38.623792,./data/vDBs7Zo6ENu8gkQ3fKJnbz/2025-04-25_21H34mn12s102.jpg
183,-90.1851809,38.6238198,./data/vDBs7Zo6ENu8gkQ3fKJnbz/2025-04-25_21H34mn14s632.jpg
184,-90.1851886,38.6238535,./data/vDBs7Zo6ENu8gkQ3fKJnbz/2025-04-25_21H34mn17s020.jpg
185,-90.185191,38.6238826,./data/vDBs7Zo6ENu8gkQ3fKJnbz/2025-04-25_21H34mn19s247.jpg
186,-90.18519450000001,38.623904,./data/vDBs7Zo6ENu8gkQ3fKJnbz/2025-04-25_21H34mn21s015.jpg
187,-90.1852022,38.6239329,./data/vDBs7Zo6ENu8gkQ3fKJnbz/2025-04-25_21H34mn23s531.jpg
188,-90.1852058,38.6239411,./data/vDBs7Zo6ENu8gkQ3fKJnbz/2025-04-25_21H34mn24s066.jpg
189,-90.1852093,38.6239728,./data/vDBs7Zo6ENu8gkQ3fKJnbz/2025-04-25_21H34mn26s575.jpg
190,-90.1852032,38.6240008,./data/vDBs7Zo6ENu8gkQ3fKJnbz/2025-04-25_21H34mn28s987.jpg
191,-90.18519810000001,38.6240313,./data/vDBs7Zo6ENu8gkQ3fKJnbz/2025-04-25_21H34mn31s773.jpg
192,-90.18518900000001,38.6240574,./data/vDBs7Zo6ENu8gkQ3fKJnbz/2025-04-25_21H34mn34s341.jpg
193,-90.1851864,38.624069,./data/vDBs7Zo6ENu8gkQ3fKJnbz/2025-04-25_21H34mn34s882.jpg
194,-90.1851816,38.6240789,./data/vDBs7Zo6ENu8gkQ3fKJnbz/2025-04-25_21H34mn36s270.jpg
195,-90.18518370000001,38.6240898,./data/vDBs7Zo6ENu8gkQ3fKJnbz/2025-04-25_21H34mn37s146.jpg
196,-90.18519450000001,38.6240973,./data/vDBs7Zo6ENu8gkQ3fKJnbz/2025-04-25_21H34mn37s811.jpg
197,-90.1852008,38.6240976,./data/vDBs7Zo6ENu8gkQ3fKJnbz/2025-04-25_21H34mn38s630.jpg
198,-90.1852142,38.6240705,./data/vDBs7Zo6ENu8gkQ3fKJnbz/2025-04-25_21H34mn41s029.jpg
199,-90.18521870000001,38.624043,./data/vDBs7Zo6ENu8gkQ3fKJnbz/2025-04-25_21H34mn43s447.jpg
200,-90.1852257,38.6240151,./data/vDBs7Zo6ENu8gkQ3fKJnbz/2025-04-25_21H34mn45s554.jpg
201,-90.1852302,38.6239852,./data/vDBs7Zo6ENu8gkQ3fKJnbz/2025-04-25_21H34mn47s683.jpg
202,-90.1852391,38.6239626,./data/vDBs7Zo6ENu8gkQ3fKJnbz/2025-04-25_21H34mn49s849.jpg
203,-90.18526700000001,38.6239399,./data/vDBs7Zo6ENu8gkQ3fKJnbz/2025-04-25_21H34mn50s993.jpg
204,-90.18530170000001,38.6239191,./data/vDBs7Zo6ENu8gkQ3fKJnbz/2025-04-25_21H34mn53s264.jpg
205,-90.18533670000001,38.623900400000004,./data/vDBs7Zo6ENu8gkQ3fKJnbz/2025-04-25_21H34mn55s572.jpg
206,-90.18536470000001,38.6238843,./data/vDBs7Zo6ENu8gkQ3fKJnbz/2025-04-25_21H34mn57s500.jpg
207,-90.1853952,38.6238656,./data/vDBs7Zo6ENu8gkQ3fKJnbz/2025-04-25_21H34mn59s293.jpg
208,-90.18542380000001,38.6238422,./data/vDBs7Zo6ENu8gkQ3fKJnbz/2025-04-25_21H35mn01s667.jpg
209,-90.1854552,38.6238229,./data/vDBs7Zo6ENu8gkQ3fKJnbz/2025-04-25_21H35mn04s015.jpg
210,-90.1854868,38.6238006,./data/vDBs7Zo6ENu8gkQ3fKJnbz/2025-04-25_21H35mn06s199.jpg
211,-90.1855123,38.6237797,./data/vDBs7Zo6ENu8gkQ3fKJnbz/2025-04-25_21H35mn08s481.jpg
212,-90.1855285,38.6237683,./data/vDBs7Zo6ENu8gkQ3fKJnbz/2025-04-25_21H35mn10s097.jpg
213,-90.18553750000001,38.6237628,./data/vDBs7Zo6ENu8gkQ3fKJnbz/2025-04-25_21H35mn10s957.jpg
214,-90.18555280000001,38.623758,./data/vDBs7Zo6ENu8gkQ3fKJnbz/2025-04-25_21H35mn11s750.jpg
215,-90.1855762,38.6237796,./data/vDBs7Zo6ENu8gkQ3fKJnbz/2025-04-25_21H35mn14s616.jpg
216,-90.1855942,38.6238085,./data/vDBs7Zo6ENu8gkQ3fKJnbz/2025-04-25_21H35mn23s161.jpg
217,-90.185607,38.6238368,./data/vDBs7Zo6ENu8gkQ3fKJnbz/2025-04-25_21H35mn25s482.jpg
218,-90.18562510000001,38.623862100000004,./data/vDBs7Zo6ENu8gkQ3fKJnbz/2025-04-25_21H35mn27s704.jpg
219,-90.1856465,38.6238878,./data/vDBs7Zo6ENu8gkQ3fKJnbz/2025-04-25_21H35mn29s484.jpg
220,-90.1856645,38.6239132,./data/vDBs7Zo6ENu8gkQ3fKJnbz/2025-04-25_21H35mn31s750.jpg
221,-90.1856815,38.6239428,./data/vDBs7Zo6ENu8gkQ3fKJnbz/2025-04-25_21H35mn34s096.jpg
222,-90.1856935,38.6239706,./data/vDBs7Zo6ENu8gkQ3fKJnbz/2025-04-25_21H35mn36s586.jpg
223,-90.1857073,38.6239969,./data/vDBs7Zo6ENu8gkQ3fKJnbz/2025-04-25_21H35mn38s586.jpg
224,-90.1857241,38.6240211,./data/vDBs7Zo6ENu8gkQ3fKJnbz/2025-04-25_21H35mn40s791.jpg
225,-90.1857428,38.6240474,./data/vDBs7Zo6ENu8gkQ3fKJnbz/2025-04-25_21H35mn42s986.jpg
226,-90.1857627,38.6240733,./data/vDBs7Zo6ENu8gkQ3fKJnbz/2025-04-25_21H35mn45s201.jpg
227,-90.1857813,38.6241,./data/vDBs7Zo6ENu8gkQ3fKJnbz/2025-04-25_21H35mn47s343.jpg
228,-90.18579890000001,38.6241268,./data/vDBs7Zo6ENu8gkQ3fKJnbz/2025-04-25_21H35mn49s584.jpg
229,-90.18581590000001,38.6241512,./data/vDBs7Zo6ENu8gkQ3fKJnbz/2025-04-25_21H35mn51s583.jpg
230,-90.18582980000001,38.6241785,./data/vDBs7Zo6ENu8gkQ3fKJnbz/2025-04-25_21H35mn53s463.jpg
231,-90.18584750000001,38.6242077,./data/vDBs7Zo6ENu8gkQ3fKJnbz/2025-04-25_21H35mn56s092.jpg
232,-90.1858639,38.6242368,./data/vDBs7Zo6ENu8gkQ3fKJnbz/2025-04-25_21H35mn58s503.jpg
233,-90.1858842,38.6242629,./data/vDBs7Zo6ENu8gkQ3fKJnbz/2025-04-25_21H36mn00s734.jpg
234,-90.1859037,38.624286,./data/vDBs7Zo6ENu8gkQ3fKJnbz/2025-04-25_21H36mn03s019.jpg
235,-90.18592430000001,38.6243086,./data/vDBs7Zo6ENu8gkQ3fKJnbz/2025-04-25_21H36mn05s447.jpg
236,-90.1859469,38.6243294,./data/vDBs7Zo6ENu8gkQ3fKJnbz/2025-04-25_21H36mn07s526.jpg
237,-90.1859755,38.6243511,./data/vDBs7Zo6ENu8gkQ3fKJnbz/2025-04-25_21H36mn10s445.jpg
238,-90.1860059,38.6243725,./data/vDBs7Zo6ENu8gkQ3fKJnbz/2025-04-25_21H36mn13s164.jpg
239,-90.1860381,38.6243956,./data/vDBs7Zo6ENu8gkQ3fKJnbz/2025-04-25_21H36mn16s145.jpg
240,-90.1860671,38.6244203,./data/vDBs7Zo6ENu8gkQ3fKJnbz/2025-04-25_21H36mn18s444.jpg
241,-90.1860908,38.6244419,./data/vDBs7Zo6ENu8gkQ3fKJnbz/2025-04-25_21H36mn20s630.jpg
242,-90.18612250000001,38.624463,./data/vDBs7Zo6ENu8gkQ3fKJnbz/2025-04-25_21H36mn23s135.jpg
243,-90.1861494,38.6244811,./data/vDBs7Zo6ENu8gkQ3fKJnbz/2025-04-25_21H36mn25s658.jpg
244,-90.18617900000001,38.6244963,./data/vDBs7Zo6ENu8gkQ3fKJnbz/2025-04-25_21H36mn27s659.jpg
245,-90.18620820000001,38.6245116,./data/vDBs7Zo6ENu8gkQ3fKJnbz/2025-04-25_21H36mn30s032.jpg
246,-90.1862378,38.624527900000004,./data/vDBs7Zo6ENu8gkQ3fKJnbz/2025-04-25_21H36mn32s389.jpg
247,-90.18626950000001,38.6245438,./data/vDBs7Zo6ENu8gkQ3fKJnbz/2025-04-25_21H36mn34s743.jpg
248,-90.1863015,38.624556,./data/vDBs7Zo6ENu8gkQ3fKJnbz/2025-04-25_21H36mn37s067.jpg
249,-90.1863368,38.6245669,./data/vDBs7Zo6ENu8gkQ3fKJnbz/2025-04-25_21H36mn39s549.jpg
250,-90.1863694,38.6245791,./data/vDBs7Zo6ENu8gkQ3fKJnbz/2025-04-25_21H36mn41s593.jpg
251,-90.1864017,38.6245895,./data/vDBs7Zo6ENu8gkQ3fKJnbz/2025-04-25_21H36mn44s061.jpg
252,-90.1864406,38.6245988,./data/vDBs7Zo6ENu8gkQ3fKJnbz/2025-04-25_21H36mn47s008.jpg
253,-90.1864755,38.6246087,./data/vDBs7Zo6ENu8gkQ3fKJnbz/2025-04-25_21H36mn49s603.jpg
254,-90.1865082,38.6246182,./data/vDBs7Zo6ENu8gkQ3fKJnbz/2025-04-25_21H36mn51s800.jpg
255,-90.1865423,38.6246232,./data/vDBs7Zo6ENu8gkQ3fKJnbz/2025-04-25_21H36mn54s287.jpg
256,-90.18658330000001,38.624627600000004,./data/vDBs7Zo6ENu8gkQ3fKJnbz/2025-04-25_21H36mn57s428.jpg
257,-90.1866186,38.624634300000004,./data/vDBs7Zo6ENu8gkQ3fKJnbz/2025-04-25_21H36mn59s494.jpg
258,-90.18665630000001,38.6246383,./data/vDBs7Zo6ENu8gkQ3fKJnbz/2025-04-25_21H37mn01s871.jpg
259,-90.1866969,38.624642,./data/vDBs7Zo6ENu8gkQ3fKJnbz/2025-04-25_21H37mn05s016.jpg
260,-90.1867362,38.6246424,./data/vDBs7Zo6ENu8gkQ3fKJnbz/2025-04-25_21H37mn08s137.jpg
261,-90.1867775,38.6246437,./data/vDBs7Zo6ENu8gkQ3fKJnbz/2025-04-25_21H37mn11s263.jpg
262,-90.18681500000001,38.6246552,./data/vDBs7Zo6ENu8gkQ3fKJnbz/2025-04-25_21H37mn13s616.jpg
263,-90.186852,38.6246624,./data/vDBs7Zo6ENu8gkQ3fKJnbz/2025-04-25_21H37mn16s539.jpg
264,-90.18688470000001,38.6246824,./data/vDBs7Zo6ENu8gkQ3fKJnbz/2025-04-25_21H37mn18s960.jpg
265,-90.186921,38.6246883,./data/vDBs7Zo6ENu8gkQ3fKJnbz/2025-04-25_21H37mn22s089.jpg
266,-90.1869501,38.624703000000004,./data/vDBs7Zo6ENu8gkQ3fKJnbz/2025-04-25_21H37mn24s596.jpg
267,-90.1869817,38.6247175,./data/vDBs7Zo6ENu8gkQ3fKJnbz/2025-04-25_21H37mn27s177.jpg
268,-90.1870062,38.6247411,./data/vDBs7Zo6ENu8gkQ3fKJnbz/2025-04-25_21H37mn28s856.jpg
269,-90.1870394,38.624749800000004,./data/vDBs7Zo6ENu8gkQ3fKJnbz/2025-04-25_21H37mn31s586.jpg
270,-90.1870705,38.624769,./data/vDBs7Zo6ENu8gkQ3fKJnbz/2025-04-25_21H37mn33s982.jpg
271,-90.1870995,38.6247845,./data/vDBs7Zo6ENu8gkQ3fKJnbz/2025-04-25_21H37mn36s978.jpg
272,-90.1871235,38.6248064,./data/vDBs7Zo6ENu8gkQ3fKJnbz/2025-04-25_21H37mn40s085.jpg
273,-90.1871469,38.624828,./data/vDBs7Zo6ENu8gkQ3fKJnbz/2025-04-25_21H37mn43s046.jpg
274,-90.187163,38.6248526,./data/vDBs7Zo6ENu8gkQ3fKJnbz/2025-04-25_21H37mn45s531.jpg
275,-90.18717050000001,38.6248791,./data/vDBs7Zo6ENu8gkQ3fKJnbz/2025-04-25_21H37mn47s649.jpg
276,-90.1871837,38.6249082,./data/vDBs7Zo6ENu8gkQ3fKJnbz/2025-04-25_21H37mn50s331.jpg
277,-90.1871984,38.624942,./data/vDBs7Zo6ENu8gkQ3fKJnbz/2025-04-25_21H37mn52s591.jpg
278,-90.1872132,38.6249728,./data/vDBs7Zo6ENu8gkQ3fKJnbz/2025-04-25_21H37mn55s600.jpg
279,-90.18722240000001,38.6250041,./data/vDBs7Zo6ENu8gkQ3fKJnbz/2025-04-25_21H37mn57s981.jpg
280,-90.1872287,38.6250172,./data/vDBs7Zo6ENu8gkQ3fKJnbz/2025-04-25_21H37mn59s654.jpg
281,-90.18722530000001,38.6250451,./data/vDBs7Zo6ENu8gkQ3fKJnbz/2025-04-25_21H38mn01s981.jpg
282,-90.1872132,38.6250744,./data/vDBs7Zo6ENu8gkQ3fKJnbz/2025-04-25_21H38mn04s316.jpg
283,-90.1872014,38.6250951,./data/vDBs7Zo6ENu8gkQ3fKJnbz/2025-04-25_21H38mn06s636.jpg
284,-90.18717840000001,38.6251156,./data/vDBs7Zo6ENu8gkQ3fKJnbz/2025-04-25_21H38mn08s663.jpg
285,-90.187141,38.6251229,./data/vDBs7Zo6ENu8gkQ3fKJnbz/2025-04-25_21H38mn11s559.jpg
286,-90.1871067,38.6251197,./data/vDBs7Zo6ENu8gkQ3fKJnbz/2025-04-25_21H38mn13s664.jpg
287,-90.1870696,38.6251074,./data/vDBs7Zo6ENu8gkQ3fKJnbz/2025-04-25_21H38mn15s541.jpg
288,-90.1870395,38.62509,./data/vDBs7Zo6ENu8gkQ3fKJnbz/2025-04-25_21H38mn17s557.jpg
289,-90.1870028,38.6250784,./data/vDBs7Zo6ENu8gkQ3fKJnbz/2025-04-25_21H38mn19s978.jpg
290,-90.1869872,38.6250761,./data/vDBs7Zo6ENu8gkQ3fKJnbz/2025-04-25_21H38mn21s620.jpg
291,-90.1869588,38.625080600000004,./data/vDBs7Zo6ENu8gkQ3fKJnbz/2025-04-25_21H38mn23s547.jpg
292,-90.1869404,38.6251113,./data/vDBs7Zo6ENu8gkQ3fKJnbz/2025-04-25_21H38mn25s219.jpg
293,-90.18693590000001,38.6251319,./data/vDBs7Zo6ENu8gkQ3fKJnbz/2025-04-25_21H38mn26s784.jpg
294,-90.1869252,38.6251537,./data/vDBs7Zo6ENu8gkQ3fKJnbz/2025-04-25_21H38mn28s268.jpg
295,-90.18689210000001,38.6251672,./data/vDBs7Zo6ENu8gkQ3fKJnbz/2025-04-25_21H38mn31s127.jpg
296,-90.1868582,38.62518,./data/vDBs7Zo6ENu8gkQ3fKJnbz/2025-04-25_21H38mn33s366.jpg
297,-90.1868256,38.6251905,./data/vDBs7Zo6ENu8gkQ3fKJnbz/2025-04-25_21H38mn36s136.jpg
298,-90.1867893,38.6251933,./data/vDBs7Zo6ENu8gkQ3fKJnbz/2025-04-25_21H38mn38s943.jpg
299,-90.1867534,38.6252026,./data/vDBs7Zo6ENu8gkQ3fKJnbz/2025-04-25_21H38mn41s918.jpg
300,-90.1867132,38.6252009,./data/vDBs7Zo6ENu8gkQ3fKJnbz/2025-04-25_21H38mn44s732.jpg
301,-90.1866759,38.625193,./data/vDBs7Zo6ENu8gkQ3fKJnbz/2025-04-25_21H38mn47s659.jpg
302,-90.1866443,38.6251762,./data/vDBs7Zo6ENu8gkQ3fKJnbz/2025-04-25_21H38mn49s849.jpg
303,-90.18661560000001,38.625157800000004,./data/vDBs7Zo6ENu8gkQ3fKJnbz/2025-04-25_21H38mn52s214.jpg
304,-90.1865973,38.6251391,./data/vDBs7Zo6ENu8gkQ3fKJnbz/2025-04-25_21H38mn54s049.jpg
305,-90.1865823,38.6251217,./data/vDBs7Zo6ENu8gkQ3fKJnbz/2025-04-25_21H38mn56s535.jpg
306,-90.18658380000001,38.6251288,./data/vDBs7Zo6ENu8gkQ3fKJnbz/2025-04-25_21H38mn59s034.jpg
307,-90.1865736,38.6251164,./data/vDBs7Zo6ENu8gkQ3fKJnbz/2025-04-25_21H39mn04s731.jpg
308,-90.1865578,38.625071,./data/vDBs7Zo6ENu8gkQ3fKJnbz/2025-04-25_21H39mn08s121.jpg
309,-90.18655410000001,38.6250398,./data/vDBs7Zo6ENu8gkQ3fKJnbz/2025-04-25_21H39mn10s537.jpg
310,-90.18655530000001,38.6250333,./data/vDBs7Zo6ENu8gkQ3fKJnbz/2025-04-25_21H39mn11s253.jpg
311,-90.18655770000001,38.6250276,./data/vDBs7Zo6ENu8gkQ3fKJnbz/2025-04-25_21H39mn12s136.jpg
312,-90.18652870000001,38.6250171,./data/vDBs7Zo6ENu8gkQ3fKJnbz/2025-04-25_21H39mn16s216.jpg
313,-90.1865253,38.6250152,./data/vDBs7Zo6ENu8gkQ3fKJnbz/2025-04-25_21H39mn17s271.jpg
314,-90.1865251,38.625013700000004,./data/vDBs7Zo6ENu8gkQ3fKJnbz/2025-04-25_21H39mn17s818.jpg
315,-90.1865281,38.6250148,./data/vDBs7Zo6ENu8gkQ3fKJnbz/2025-04-25_21H39mn20s706.jpg
316,-90.1865338,38.6250157,./data/vDBs7Zo6ENu8gkQ3fKJnbz/2025-04-25_21H39mn22s295.jpg
317,-90.1865373,38.6250155,./data/vDBs7Zo6ENu8gkQ3fKJnbz/2025-04-25_21H39mn22s960.jpg
318,-90.1865188,38.6250209,./data/vDBs7Zo6ENu8gkQ3fKJnbz/2025-04-25_21H39mn23s740.jpg
319,-90.1865161,38.625022200000004,./data/vDBs7Zo6ENu8gkQ3fKJnbz/2025-04-25_21H39mn24s477.jpg
320,-90.1865145,38.625021600000004,./data/vDBs7Zo6ENu8gkQ3fKJnbz/2025-04-25_21H39mn26s503.jpg
321,-90.1865159,38.6250206,./data/vDBs7Zo6ENu8gkQ3fKJnbz/2025-04-25_21H39mn27s569.jpg
322,-90.1865142,38.6250118,./data/vDBs7Zo6ENu8gkQ3fKJnbz/2025-04-25_21H39mn29s508.jpg
323,-90.1865117,38.62501,./data/vDBs7Zo6ENu8gkQ3fKJnbz/2025-04-25_21H39mn31s100.jpg
324,-90.1864951,38.6250104,./data/vDBs7Zo6ENu8gkQ3fKJnbz/2025-04-25_21H39mn32s665.jpg
325,-90.1864588,38.6250207,./data/vDBs7Zo6ENu8gkQ3fKJnbz/2025-04-25_21H39mn33s350.jpg
326,-90.186453,38.6250231,./data/vDBs7Zo6ENu8gkQ3fKJnbz/2025-04-25_21H39mn34s021.jpg
327,-90.18645020000001,38.625028900000004,./data/vDBs7Zo6ENu8gkQ3fKJnbz/2025-04-25_21H39mn35s029.jpg
328,-90.1864568,38.625047,./data/vDBs7Zo6ENu8gkQ3fKJnbz/2025-04-25_21H39mn36s317.jpg
329,-90.1864949,38.6250464,./data/vDBs7Zo6ENu8gkQ3fKJnbz/2025-04-25_21H39mn40s657.jpg
330,-90.18650410000001,38.6250496,./data/vDBs7Zo6ENu8gkQ3fKJnbz/2025-04-25_21H39mn41s778.jpg
331,-90.1865102,38.6250496,./data/vDBs7Zo6ENu8gkQ3fKJnbz/2025-04-25_21H39mn43s634.jpg
332,-90.186508,38.6250458,./data/vDBs7Zo6ENu8gkQ3fKJnbz/2025-04-25_21H39mn46s035.jpg
333,-90.1863288,38.6250264,./data/vDBs7Zo6ENu8gkQ3fKJnbz/2025-04-25_21H42mn41s945.jpg
334,-90.1863888,38.6250009,./data/vDBs7Zo6ENu8gkQ3fKJnbz/2025-04-25_21H42mn45s067.jpg
335,-90.1864206,38.6249818,./data/vDBs7Zo6ENu8gkQ3fKJnbz/2025-04-25_21H42mn46s445.jpg
336,-90.1864626,38.6249767,./data/vDBs7Zo6ENu8gkQ3fKJnbz/2025-04-25_21H42mn49s724.jpg
337,-90.1864911,38.6249709,./data/vDBs7Zo6ENu8gkQ3fKJnbz/2025-04-25_21H42mn51s784.jpg
338,-90.18650550000001,38.6249698,./data/vDBs7Zo6ENu8gkQ3fKJnbz/2025-04-25_21H42mn52s760.jpg
339,-90.1865147,38.624966900000004,./data/vDBs7Zo6ENu8gkQ3fKJnbz/2025-04-25_21H42mn54s433.jpg
340,-90.1865162,38.6249649,./data/vDBs7Zo6ENu8gkQ3fKJnbz/2025-04-25_21H42mn55s146.jpg
341,-90.1865195,38.624937,./data/vDBs7Zo6ENu8gkQ3fKJnbz/2025-04-25_21H42mn59s165.jpg
342,-90.186541,38.6249129,./data/vDBs7Zo6ENu8gkQ3fKJnbz/2025-04-25_21H43mn02s738.jpg
343,-90.18655770000001,38.6248849,./data/vDBs7Zo6ENu8gkQ3fKJnbz/2025-04-25_21H43mn05s788.jpg
344,-90.1865659,38.6248802,./data/vDBs7Zo6ENu8gkQ3fKJnbz/2025-04-25_21H43mn06s762.jpg
345,-90.186576,38.6248726,./data/vDBs7Zo6ENu8gkQ3fKJnbz/2025-04-25_21H43mn07s754.jpg
346,-90.1865868,38.6248693,./data/vDBs7Zo6ENu8gkQ3fKJnbz/2025-04-25_21H43mn08s940.jpg
347,-90.18659650000001,38.624875,./data/vDBs7Zo6ENu8gkQ3fKJnbz/2025-04-25_21H43mn10s094.jpg
348,-90.18659650000001,38.6248904,./data/vDBs7Zo6ENu8gkQ3fKJnbz/2025-04-25_21H43mn11s230.jpg
349,-90.1865961,38.6248908,./data/vDBs7Zo6ENu8gkQ3fKJnbz/2025-04-25_21H43mn11s682.jpg
350,-90.1865961,38.6248908,./data/vDBs7Zo6ENu8gkQ3fKJnbz/2025-04-25_21H43mn12s149.jpg
351,-90.1865973,38.6248911,./data/vDBs7Zo6ENu8gkQ3fKJnbz/2025-04-25_21H43mn12s694.jpg
352,-90.18662,38.6248944,./data/vDBs7Zo6ENu8gkQ3fKJnbz/2025-04-25_21H43mn16s878.jpg
353,-90.1866589,38.6248913,./data/vDBs7Zo6ENu8gkQ3fKJnbz/2025-04-25_21H43mn19s458.jpg
354,-90.1867039,38.624893,./data/vDBs7Zo6ENu8gkQ3fKJnbz/2025-04-25_21H43mn22s608.jpg
355,-90.1867332,38.6249101,./data/vDBs7Zo6ENu8gkQ3fKJnbz/2025-04-25_21H43mn25s042.jpg
356,-90.1867751,38.6249368,./data/vDBs7Zo6ENu8gkQ3fKJnbz/2025-04-25_21H43mn30s081.jpg
357,-90.1868078,38.6249518,./data/vDBs7Zo6ENu8gkQ3fKJnbz/2025-04-25_21H43mn32s051.jpg
358,-90.1868341,38.6249695,./data/vDBs7Zo6ENu8gkQ3fKJnbz/2025-04-25_21H43mn34s335.jpg
359,-90.18685520000001,38.6249942,./data/vDBs7Zo6ENu8gkQ3fKJnbz/2025-04-25_21H43mn36s860.jpg
360,-90.1868938,38.6250006,./data/vDBs7Zo6ENu8gkQ3fKJnbz/2025-04-25_21H43mn39s252.jpg
361,-90.1869332,38.6250102,./data/vDBs7Zo6ENu8gkQ3fKJnbz/2025-04-25_21H43mn42s039.jpg
362,-90.18696820000001,38.6250187,./data/vDBs7Zo6ENu8gkQ3fKJnbz/2025-04-25_21H43mn44s888.jpg
363,-90.1869932,38.6250383,./data/vDBs7Zo6ENu8gkQ3fKJnbz/2025-04-25_21H43mn46s870.jpg
364,-90.1870244,38.6250546,./data/vDBs7Zo6ENu8gkQ3fKJnbz/2025-04-25_21H43mn49s681.jpg
365,-90.1870576,38.6250732,./data/vDBs7Zo6ENu8gkQ3fKJnbz/2025-04-25_21H43mn51s556.jpg
366,-90.18708960000001,38.625086,./data/vDBs7Zo6ENu8gkQ3fKJnbz/2025-04-25_21H43mn54s050.jpg
367,-90.18712000000001,38.625102,./data/vDBs7Zo6ENu8gkQ3fKJnbz/2025-04-25_21H43mn56s393.jpg
368,-90.1871382,38.6251107,./data/vDBs7Zo6ENu8gkQ3fKJnbz/2025-04-25_21H43mn58s660.jpg
369,-90.1871836,38.6251703,./data/vDBs7Zo6ENu8gkQ3fKJnbz/2025-04-25_21H44mn38s345.jpg
370,-90.18719250000001,38.6251757,./data/vDBs7Zo6ENu8gkQ3fKJnbz/2025-04-25_21H44mn38s734.jpg
371,-90.18719250000001,38.6251757,./data/vDBs7Zo6ENu8gkQ3fKJnbz/2025-04-25_21H44mn39s550.jpg
372,-90.18721880000001,38.6251877,./data/vDBs7Zo6ENu8gkQ3fKJnbz/2025-04-25_21H44mn40s982.jpg
373,-90.1872365,38.6251871,./data/vDBs7Zo6ENu8gkQ3fKJnbz/2025-04-25_21H44mn45s199.jpg
374,-90.1872417,38.6251842,./data/vDBs7Zo6ENu8gkQ3fKJnbz/2025-04-25_21H44mn46s612.jpg
375,-90.18724660000001,38.6252116,./data/vDBs7Zo6ENu8gkQ3fKJnbz/2025-04-25_21H44mn50s322.jpg
376,-90.1872322,38.6252422,./data/vDBs7Zo6ENu8gkQ3fKJnbz/2025-04-25_21H44mn51s959.jpg
377,-90.1872178,38.6252695,./data/vDBs7Zo6ENu8gkQ3fKJnbz/2025-04-25_21H44mn54s237.jpg
378,-90.1872091,38.6253022,./data/vDBs7Zo6ENu8gkQ3fKJnbz/2025-04-25_21H44mn57s377.jpg
379,-90.18721020000001,38.6253167,./data/vDBs7Zo6ENu8gkQ3fKJnbz/2025-04-25_21H44mn59s290.jpg
380,-90.1872318,38.6253439,./data/vDBs7Zo6ENu8gkQ3fKJnbz/2025-04-25_21H45mn00s701.jpg
381,-90.18724490000001,38.6253561,./data/vDBs7Zo6ENu8gkQ3fKJnbz/2025-04-25_21H45mn02s029.jpg
382,-90.1872688,38.6253829,./data/vDBs7Zo6ENu8gkQ3fKJnbz/2025-04-25_21H45mn04s194.jpg
383,-90.1873042,38.6254028,./data/vDBs7Zo6ENu8gkQ3fKJnbz/2025-04-25_21H45mn05s848.jpg
384,-90.187342,38.6254258,./data/vDBs7Zo6ENu8gkQ3fKJnbz/2025-04-25_21H45mn08s257.jpg
385,-90.1873657,38.6254468,./data/vDBs7Zo6ENu8gkQ3fKJnbz/2025-04-25_21H45mn10s003.jpg
386,-90.187377,38.6254734,./data/vDBs7Zo6ENu8gkQ3fKJnbz/2025-04-25_21H45mn12s339.jpg
387,-90.1873891,38.6255045,./data/vDBs7Zo6ENu8gkQ3fKJnbz/2025-04-25_21H45mn15s126.jpg
388,-90.1874054,38.6255335,./data/vDBs7Zo6ENu8gkQ3fKJnbz/2025-04-25_21H45mn18s670.jpg
389,-90.1874201,38.6255601,./data/vDBs7Zo6ENu8gkQ3fKJnbz/2025-04-25_21H45mn21s584.jpg
390,-90.1874481,38.6255848,./data/vDBs7Zo6ENu8gkQ3fKJnbz/2025-04-25_21H45mn24s554.jpg
391,-90.187482,38.625591,./data/vDBs7Zo6ENu8gkQ3fKJnbz/2025-04-25_21H45mn26s622.jpg
392,-90.1875258,38.6255966,./data/vDBs7Zo6ENu8gkQ3fKJnbz/2025-04-25_21H45mn28s652.jpg
393,-90.1875661,38.6256019,./data/vDBs7Zo6ENu8gkQ3fKJnbz/2025-04-25_21H45mn30s554.jpg
394,-90.18760520000001,38.6256122,./data/vDBs7Zo6ENu8gkQ3fKJnbz/2025-04-25_21H45mn33s596.jpg
395,-90.1876368,38.6256234,./data/vDBs7Zo6ENu8gkQ3fKJnbz/2025-04-25_21H45mn36s351.jpg
396,-90.1876684,38.6256358,./data/vDBs7Zo6ENu8gkQ3fKJnbz/2025-04-25_21H45mn37s442.jpg
397,-90.18770640000001,38.6256512,./data/vDBs7Zo6ENu8gkQ3fKJnbz/2025-04-25_21H45mn39s858.jpg
398,-90.18773970000001,38.6256672,./data/vDBs7Zo6ENu8gkQ3fKJnbz/2025-04-25_21H45mn42s259.jpg
399,-90.187774,38.6256848,./data/vDBs7Zo6ENu8gkQ3fKJnbz/2025-04-25_21H45mn45s239.jpg
400,-90.1878013,38.625697,./data/vDBs7Zo6ENu8gkQ3fKJnbz/2025-04-25_21H45mn47s308.jpg
401,-90.1878365,38.6257104,./data/vDBs7Zo6ENu8gkQ3fKJnbz/2025-04-25_21H45mn50s250.jpg
402,-90.1878683,38.6257201,./data/vDBs7Zo6ENu8gkQ3fKJnbz/2025-04-25_21H45mn53s087.jpg
403,-90.1879124,38.6257328,./data/vDBs7Zo6ENu8gkQ3fKJnbz/2025-04-25_21H45mn55s810.jpg
404,-90.1879469,38.6257387,./data/vDBs7Zo6ENu8gkQ3fKJnbz/2025-04-25_21H45mn58s674.jpg
405,-90.1879852,38.6257432,./data/vDBs7Zo6ENu8gkQ3fKJnbz/2025-04-25_21H46mn00s854.jpg
406,-90.18801810000001,38.6257571,./data/vDBs7Zo6ENu8gkQ3fKJnbz/2025-04-25_21H46mn03s004.jpg
407,-90.18805,38.6257675,./data/vDBs7Zo6ENu8gkQ3fKJnbz/2025-04-25_21H46mn04s859.jpg
408,-90.1880895,38.6257768,./data/vDBs7Zo6ENu8gkQ3fKJnbz/2025-04-25_21H46mn06s456.jpg
409,-90.1881299,38.625785300000004,./data/vDBs7Zo6ENu8gkQ3fKJnbz/2025-04-25_21H46mn09s275.jpg
410,-90.18816670000001,38.6257934,./data/vDBs7Zo6ENu8gkQ3fKJnbz/2025-04-25_21H46mn12s135.jpg
411,-90.18819760000001,38.6258065,./data/vDBs7Zo6ENu8gkQ3fKJnbz/2025-04-25_21H46mn13s615.jpg
412,-90.1882703,38.6258148,./data/vDBs7Zo6ENu8gkQ3fKJnbz/2025-04-25_21H46mn16s524.jpg
413,-90.1883052,38.6258182,./data/vDBs7Zo6ENu8gkQ3fKJnbz/2025-04-25_21H46mn18s665.jpg
414,-90.18834240000001,38.6258231,./data/vDBs7Zo6ENu8gkQ3fKJnbz/2025-04-25_21H46mn21s132.jpg
415,-90.1883822,38.6258286,./data/vDBs7Zo6ENu8gkQ3fKJnbz/2025-04-25_21H46mn24s514.jpg
416,-90.1884199,38.6258381,./data/vDBs7Zo6ENu8gkQ3fKJnbz/2025-04-25_21H46mn26s858.jpg
417,-90.1884572,38.6258445,./data/vDBs7Zo6ENu8gkQ3fKJnbz/2025-04-25_21H46mn41s580.jpg
418,-90.1884945,38.6258452,./data/vDBs7Zo6ENu8gkQ3fKJnbz/2025-04-25_21H47mn24s689.jpg
419,-90.1885147,38.6258435,./data/vDBs7Zo6ENu8gkQ3fKJnbz/2025-04-25_21H47mn26s190.jpg
420,-90.18855,38.625843,./data/vDBs7Zo6ENu8gkQ3fKJnbz/2025-04-25_21H47mn27s814.jpg
421,-90.1885927,38.625861300000004,./data/vDBs7Zo6ENu8gkQ3fKJnbz/2025-04-25_21H47mn28s859.jpg
422,-90.1886271,38.6258744,./data/vDBs7Zo6ENu8gkQ3fKJnbz/2025-04-25_21H47mn30s411.jpg
423,-90.1886612,38.625888,./data/vDBs7Zo6ENu8gkQ3fKJnbz/2025-04-25_21H47mn31s878.jpg
424,-90.1886976,38.6258977,./data/vDBs7Zo6ENu8gkQ3fKJnbz/2025-04-25_21H47mn33s653.jpg
425,-90.1887423,38.625907,./data/vDBs7Zo6ENu8gkQ3fKJnbz/2025-04-25_21H47mn35s593.jpg
426,-90.18878240000001,38.6259177,./data/vDBs7Zo6ENu8gkQ3fKJnbz/2025-04-25_21H47mn37s741.jpg
427,-90.1888216,38.6259277,./data/vDBs7Zo6ENu8gkQ3fKJnbz/2025-04-25_21H47mn39s733.jpg
428,-90.1888624,38.6259383,./data/vDBs7Zo6ENu8gkQ3fKJnbz/2025-04-25_21H47mn41s900.jpg
429,-90.1888978,38.625949,./data/vDBs7Zo6ENu8gkQ3fKJnbz/2025-04-25_21H47mn44s209.jpg
430,-90.1889328,38.6259594,./data/vDBs7Zo6ENu8gkQ3fKJnbz/2025-04-25_21H47mn46s514.jpg
431,-90.188973,38.6259687,./data/vDBs7Zo6ENu8gkQ3fKJnbz/2025-04-25_21H47mn49s055.jpg
432,-90.1890061,38.6259764,./data/vDBs7Zo6ENu8gkQ3fKJnbz/2025-04-25_21H47mn51s456.jpg
433,-90.1890451,38.6259848,./data/vDBs7Zo6ENu8gkQ3fKJnbz/2025-04-25_21H47mn53s535.jpg
434,-90.1890784,38.625993,./data/vDBs7Zo6ENu8gkQ3fKJnbz/2025-04-25_21H47mn55s633.jpg
435,-90.1891123,38.6260021,./data/vDBs7Zo6ENu8gkQ3fKJnbz/2025-04-25_21H47mn57s618.jpg
436,-90.1891469,38.6260118,./data/vDBs7Zo6ENu8gkQ3fKJnbz/2025-04-25_21H47mn59s616.jpg
437,-90.18918570000001,38.6260226,./data/vDBs7Zo6ENu8gkQ3fKJnbz/2025-04-25_21H48mn01s968.jpg
438,-90.1892229,38.626033,./data/vDBs7Zo6ENu8gkQ3fKJnbz/2025-04-25_21H48mn04s278.jpg
439,-90.1892624,38.6260418,./data/vDBs7Zo6ENu8gkQ3fKJnbz/2025-04-25_21H48mn07s521.jpg
440,-90.1892986,38.6260546,./data/vDBs7Zo6ENu8gkQ3fKJnbz/2025-04-25_21H48mn10s338.jpg
441,-90.1893371,38.6260648,./data/vDBs7Zo6ENu8gkQ3fKJnbz/2025-04-25_21H48mn12s972.jpg
442,-90.1893731,38.6260746,./data/vDBs7Zo6ENu8gkQ3fKJnbz/2025-04-25_21H48mn15s251.jpg
443,-90.189408,38.6260838,./data/vDBs7Zo6ENu8gkQ3fKJnbz/2025-04-25_21H48mn17s778.jpg
444,-90.1894455,38.6260936,./data/vDBs7Zo6ENu8gkQ3fKJnbz/2025-04-25_21H48mn19s386.jpg
445,-90.18948610000001,38.626109,./data/vDBs7Zo6ENu8gkQ3fKJnbz/2025-04-25_21H48mn21s755.jpg
446,-90.1895252,38.6261202,./data/vDBs7Zo6ENu8gkQ3fKJnbz/2025-04-25_21H48mn24s143.jpg
447,-90.1895566,38.626129,./data/vDBs7Zo6ENu8gkQ3fKJnbz/2025-04-25_21H48mn28s003.jpg
448,-90.1895686,38.6261333,./data/vDBs7Zo6ENu8gkQ3fKJnbz/2025-04-25_21H48mn29s016.jpg
449,-90.18957610000001,38.6261492,./data/vDBs7Zo6ENu8gkQ3fKJnbz/2025-04-25_21H48mn30s999.jpg
450,-90.189578,38.6261788,./data/vDBs7Zo6ENu8gkQ3fKJnbz/2025-04-25_21H48mn33s428.jpg
451,-90.1895702,38.6262052,./data/vDBs7Zo6ENu8gkQ3fKJnbz/2025-04-25_21H48mn35s608.jpg
452,-90.18956730000001,38.6262393,./data/vDBs7Zo6ENu8gkQ3fKJnbz/2025-04-25_21H48mn38s141.jpg
453,-90.1895642,38.6262676,./data/vDBs7Zo6ENu8gkQ3fKJnbz/2025-04-25_21H48mn39s561.jpg
454,-90.18956440000001,38.6262725,./data/vDBs7Zo6ENu8gkQ3fKJnbz/2025-04-25_21H48mn40s268.jpg
455,-90.1895648,38.6262754,./data/vDBs7Zo6ENu8gkQ3fKJnbz/2025-04-25_21H48mn40s736.jpg
456,-90.18956750000001,38.6262864,./data/vDBs7Zo6ENu8gkQ3fKJnbz/2025-04-25_21H48mn42s269.jpg
457,-90.1895739,38.6262677,./data/vDBs7Zo6ENu8gkQ3fKJnbz/2025-04-25_21H48mn54s133.jpg
458,-90.1895871,38.6262964,./data/vDBs7Zo6ENu8gkQ3fKJnbz/2025-04-25_21H49mn00s964.jpg
459,-90.1896201,38.6263079,./data/vDBs7Zo6ENu8gkQ3fKJnbz/2025-04-25_21H49mn04s039.jpg
460,-90.1896566,38.6263114,./data/vDBs7Zo6ENu8gkQ3fKJnbz/2025-04-25_21H49mn05s760.jpg
461,-90.18968310000001,38.6263107,./data/vDBs7Zo6ENu8gkQ3fKJnbz/2025-04-25_21H49mn07s446.jpg
462,-90.1897017,38.6263078,./data/vDBs7Zo6ENu8gkQ3fKJnbz/2025-04-25_21H49mn08s937.jpg
463,-90.1897367,38.6263022,./data/vDBs7Zo6ENu8gkQ3fKJnbz/2025-04-25_21H49mn10s522.jpg
464,-90.18978580000001,38.6263054,./data/vDBs7Zo6ENu8gkQ3fKJnbz/2025-04-25_21H49mn12s053.jpg
465,-90.189824,38.6263083,./data/vDBs7Zo6ENu8gkQ3fKJnbz/2025-04-25_21H49mn14s192.jpg
466,-90.1898644,38.6263132,./data/vDBs7Zo6ENu8gkQ3fKJnbz/2025-04-25_21H49mn16s647.jpg
467,-90.1899075,38.6263207,./data/vDBs7Zo6ENu8gkQ3fKJnbz/2025-04-25_21H49mn18s578.jpg
468,-90.1899479,38.6263291,./data/vDBs7Zo6ENu8gkQ3fKJnbz/2025-04-25_21H49mn20s447.jpg
469,-90.18998950000001,38.6263381,./data/vDBs7Zo6ENu8gkQ3fKJnbz/2025-04-25_21H49mn22s724.jpg
470,-90.1900234,38.6263488,./data/vDBs7Zo6ENu8gkQ3fKJnbz/2025-04-25_21H49mn24s290.jpg
471,-90.1900588,38.6263595,./data/vDBs7Zo6ENu8gkQ3fKJnbz/2025-04-25_21H49mn25s887.jpg
472,-90.1900988,38.6263713,./data/vDBs7Zo6ENu8gkQ3fKJnbz/2025-04-25_21H49mn28s044.jpg
473,-90.19013670000001,38.6263818,./data/vDBs7Zo6ENu8gkQ3fKJnbz/2025-04-25_21H49mn30s182.jpg
474,-90.1901751,38.626392700000004,./data/vDBs7Zo6ENu8gkQ3fKJnbz/2025-04-25_21H49mn32s396.jpg
475,-90.1902197,38.6264023,./data/vDBs7Zo6ENu8gkQ3fKJnbz/2025-04-25_21H49mn35s447.jpg
476,-90.1902575,38.626409,./data/vDBs7Zo6ENu8gkQ3fKJnbz/2025-04-25_21H49mn38s074.jpg
477,-90.1902963,38.6264174,./data/vDBs7Zo6ENu8gkQ3fKJnbz/2025-04-25_21H49mn40s827.jpg
478,-90.19033160000001,38.626426,./data/vDBs7Zo6ENu8gkQ3fKJnbz/2025-04-25_21H49mn42s984.jpg
479,-90.1903696,38.6264354,./data/vDBs7Zo6ENu8gkQ3fKJnbz/2025-04-25_21H49mn45s088.jpg
480,-90.19040600000001,38.6264438,./data/vDBs7Zo6ENu8gkQ3fKJnbz/2025-04-25_21H49mn47s251.jpg
481,-90.1904457,38.626453500000004,./data/vDBs7Zo6ENu8gkQ3fKJnbz/2025-04-25_21H49mn48s895.jpg
482,-90.1904884,38.6264633,./data/vDBs7Zo6ENu8gkQ3fKJnbz/2025-04-25_21H49mn50s692.jpg
483,-90.1905255,38.626472,./data/vDBs7Zo6ENu8gkQ3fKJnbz/2025-04-25_21H49mn52s126.jpg
484,-90.190562,38.6264791,./data/vDBs7Zo6ENu8gkQ3fKJnbz/2025-04-25_21H49mn53s974.jpg
485,-90.1905981,38.6264848,./data/vDBs7Zo6ENu8gkQ3fKJnbz/2025-04-25_21H49mn55s621.jpg
486,-90.190636,38.6264928,./data/vDBs7Zo6ENu8gkQ3fKJnbz/2025-04-25_21H49mn57s492.jpg
487,-90.1906764,38.6265026,./data/vDBs7Zo6ENu8gkQ3fKJnbz/2025-04-25_21H49mn59s549.jpg
488,-90.19070860000001,38.6265123,./data/vDBs7Zo6ENu8gkQ3fKJnbz/2025-04-25_21H50mn01s590.jpg
489,-90.1907168,38.626514,./data/vDBs7Zo6ENu8gkQ3fKJnbz/2025-04-25_21H50mn02s381.jpg
490,-90.1907403,38.626523,./data/vDBs7Zo6ENu8gkQ3fKJnbz/2025-04-25_21H50mn03s618.jpg
491,-90.19073850000001,38.626556,./data/vDBs7Zo6ENu8gkQ3fKJnbz/2025-04-25_21H50mn06s612.jpg
492,-90.1907295,38.6265853,./data/vDBs7Zo6ENu8gkQ3fKJnbz/2025-04-25_21H50mn09s084.jpg
493,-90.1907151,38.6266121,./data/vDBs7Zo6ENu8gkQ3fKJnbz/2025-04-25_21H50mn12s485.jpg
494,-90.1907032,38.6266405,./data/vDBs7Zo6ENu8gkQ3fKJnbz/2025-04-25_21H50mn14s816.jpg
495,-90.19068850000001,38.6266667,./data/vDBs7Zo6ENu8gkQ3fKJnbz/2025-04-25_21H50mn16s998.jpg
496,-90.1906743,38.6266946,./data/vDBs7Zo6ENu8gkQ3fKJnbz/2025-04-25_21H50mn19s664.jpg
497,-90.19066020000001,38.6267238,./data/vDBs7Zo6ENu8gkQ3fKJnbz/2025-04-25_21H50mn22s074.jpg
498,-90.1906476,38.6267511,./data/vDBs7Zo6ENu8gkQ3fKJnbz/2025-04-25_21H50mn24s162.jpg
499,-90.190636,38.626780000000004,./data/vDBs7Zo6ENu8gkQ3fKJnbz/2025-04-25_21H50mn26s618.jpg
500,-90.1906242,38.6268103,./data/vDBs7Zo6ENu8gkQ3fKJnbz/2025-04-25_21H50mn28s501.jpg
501,-90.1906093,38.6268411,./data/vDBs7Zo6ENu8gkQ3fKJnbz/2025-04-25_21H50mn31s156.jpg
502,-90.1905969,38.6268705,./data/vDBs7Zo6ENu8gkQ3fKJnbz/2025-04-25_21H50mn33s367.jpg
503,-90.190583,38.6269007,./data/vDBs7Zo6ENu8gkQ3fKJnbz/2025-04-25_21H50mn36s131.jpg
504,-90.19056900000001,38.6269291,./data/vDBs7Zo6ENu8gkQ3fKJnbz/2025-04-25_21H50mn40s172.jpg
505,-90.1905677,38.6269319,./data/vDBs7Zo6ENu8gkQ3fKJnbz/2025-04-25_21H50mn40s792.jpg
